{"cameraMode":{"drawMode":0,"name":"Shaded","section":"Shading Mode"},"sceneLighting":true,"audioPlay":false,"sceneViewState":{"showFog":true,"showMaterialUpdate":false,"showSkybox":true,"showFlares":true,"showImageEffects":true,"showParticleSystems":true},"in2DMode":false,"pivot":{"x":-0.99609375,"y":1.868976354598999,"z":0.005179882049560547},"rotation":{"x":-0.05528683215379715,"y":0.8979923129081726,"z":-0.11814074218273163,"w":-0.420235812664032},"size":4.207394599914551,"orthographic":false}