{"cameraMode":{"drawMode":0,"name":"Shaded","section":"Shading Mode"},"sceneLighting":true,"audioPlay":false,"sceneViewState":{"showFog":true,"showMaterialUpdate":false,"showSkybox":true,"showFlares":true,"showImageEffects":true,"showParticleSystems":true},"in2DMode":false,"pivot":{"x":-4.356019496917725,"y":-7.470101356506348,"z":344.98260498046877},"rotation":{"x":-0.15488232672214509,"y":0.050062816590070727,"z":-0.007859445177018643,"w":-0.9866355657577515},"size":21.781705856323243,"orthographic":false}