{"cameraMode":{"drawMode":0,"name":"Shaded","section":"Shading Mode"},"sceneLighting":true,"audioPlay":false,"sceneViewState":{"showFog":true,"showMaterialUpdate":false,"showSkybox":true,"showFlares":true,"showImageEffects":true,"showParticleSystems":true},"in2DMode":false,"pivot":{"x":2.549484968185425,"y":0.4977167844772339,"z":-1.1481574773788453},"rotation":{"x":-0.10509306937456131,"y":0.6674955487251282,"z":-0.0959780290722847,"w":-0.7308866381645203},"size":4.604123592376709,"orthographic":false}