{"cameraMode":{"drawMode":0,"name":"Shaded","section":"Shading Mode"},"sceneLighting":true,"audioPlay":false,"sceneViewState":{"showFog":true,"showMaterialUpdate":false,"showSkybox":true,"showFlares":true,"showImageEffects":true,"showParticleSystems":true},"in2DMode":false,"pivot":{"x":11.245454788208008,"y":0.6543163657188416,"z":4.139894008636475},"rotation":{"x":-0.027639882639050485,"y":0.7562516331672669,"z":-0.032016292214393619,"w":-0.6529176831245422},"size":0.12251955270767212,"orthographic":false}