{"cameraMode":{"drawMode":0,"name":"Shaded","section":"Shading Mode"},"sceneLighting":true,"audioPlay":false,"sceneViewState":{"showFog":true,"showMaterialUpdate":false,"showSkybox":true,"showFlares":true,"showImageEffects":true,"showParticleSystems":true},"in2DMode":false,"pivot":{"x":11.249000549316407,"y":6.460877895355225,"z":278.4407958984375},"rotation":{"x":-0.006012516096234322,"y":0.6381349563598633,"z":-0.004984511528164148,"w":-0.7698879837989807},"size":0.6155589818954468,"orthographic":false}